<?xml version="1.0" encoding="utf-8"?>
<form>

	<field name="firstname"
		type="text"
		label="First Name"
		required="true"
		size="40"
		class="inputbox"
		/>
	<field name="lastname"
		type="text"
		label="Last Name"
		required="true"
		size="40"
		class="inputbox"
		/>
	<field name="address1"
		type="text"
		label="address1"
		required="true"
		size="140"
		class="inputbox"
		/>
	<field name="address2"
		type="text"
		label="address2"
		required="true"
		size="140"
		class="inputbox"
		/>
	<field name="city"
		type="text"
		label="City/Region"
		required="true"
		size="140"
		class="inputbox"
		/>
	<field name="state"
		type="text"
		label="state"
		required="true"
		size="140"
		class="inputbox"
		/>
	<field name="zip"
		type="text"
		label="zip"
		required="true"
		size="140"
		class="inputbox"
		/>
	<field
		name="message"
		type="text"
		label="Enter message"
		size="40"
		class="inputbox"
		required="true" />
	<field name="email"
		type="email"
		label="Requested email"
		required="true"
		size="40"
		class="inputbox" />
	<field name="password"
		type="text"
		label="Requested password"
		required="true"
		size="40"
		class="inputbox" />
	<field name="telephone"
		type="tel"
		label="Enter telephone number"
		required="true"
		size="40"
		class="inputbox"
		validate="tel" />

</form>